Risk Factors for Stroke in Blacks,1990,1995,2000,2005,2010,,,
Obesity,0.001,0.013,0.043,0.077,0.115,,,
Diabetes,0.359,0.316,0.26,0.187,0.092,,,
Smoking,0.171,0.156,0.142,0.128,0.116,,,
Hypercholesterolemia,0.161,0.104,0.045,0.001,0.001,,,
Hypertension,0.654,0.633,0.602,0.561,0.509,,,
Other,,,,,,,,
Other,,,,,,,,
Other,,,,,,,,
,,,,,,,,
"""raise the platform""",0,0,0,0,0,,,
,,,,,,,,
,,,,,,,,
,1.346,,,,,,,
,,,,,,,,
,,,,,,,,
data source:,http://gs.statcounter.com/,,,,,,,
,,,,,,,,
Find more:,,,,,,,,
E90E50,https://sites.google.com/site/e90e50,,,,,,,
E90E50fx,https://sites.google.com/site/e90e50fx,,,,,,,
E90E50Charts,https://sites.google.com/site/e90e50charts,,,,,,,
